[{"path":"\/home\/home.html","checksum":"d80bf5f669a9626e9f582a48cfa2e6c6"},{"path":"\/images\/bg.jpg","checksum":"30edf728b4fcf5b06224530a0ba28954"},{"path":"\/images\/bg_index.jpg","checksum":"06df559f4c7fce71db5a9b795ab3dd22"},{"path":"\/images\/play.png","checksum":"b8362b08b68c9b365cd7e335f7355c23"},{"path":"\/images\/stop.png","checksum":"48313cd03313a65f2f9f8eb9bd1d73a6"},{"path":"\/index.html","checksum":"c821be0341b9743eae9d962e2bd12862"},{"path":"\/preview.jpg","checksum":"47919234ffb2510c67cfc42dc97f2b7e"},{"path":"\/site\/detail.html","checksum":"9cf2b9000d1fecf4e286822851c5d523"},{"path":"\/site\/list.html","checksum":"9e05013339f218a168b4f5c6ee296862"},{"path":"\/site\/list_1.html","checksum":"d41d8cd98f00b204e9800998ecf8427e"}]