[{"path":"\/content.html","checksum":"01982522603b0acc73eeb4143d9145c4"},{"path":"\/css\/common.css","checksum":"a1359b3d23162b0a3760d07a1cb4a4fb"},{"path":"\/css\/style.css","checksum":"400646e0f263546851e7463239a2a5c5"},{"path":"\/home\/home.html","checksum":"84fab0ab721a31af3cd8c8111e35a10d"},{"path":"\/images\/20140225154419_72364.jpg","checksum":"72640feac410c2d25252aff3ee6ef304"},{"path":"\/images\/201402251545531.jpg","checksum":"243151ad05399fc7e0fc83760d15aab0"},{"path":"\/images\/201402281123011.png","checksum":"b8762906fc0ae664817bc6c9f6b80336"},{"path":"\/images\/banner1.jpg","checksum":"ade1577df376ba7bb669a60e5f2e406e"},{"path":"\/images\/banner2.jpg","checksum":"17935f76632c57c61809d2da6583bdbd"},{"path":"\/images\/banner3.jpg","checksum":"c1eb462e390ff0f38ca998ac2fcbe5c3"},{"path":"\/images\/bg_btm.jpg","checksum":"1d58d99d55bd24a6858afdade831377d"},{"path":"\/images\/bgtop.jpg","checksum":"54664f0dc959b5b4ae6a5f1afc55d78e"},{"path":"\/images\/home.png","checksum":"236d059fdd0ac5eb4de4f082754fdfb7"},{"path":"\/images\/img1.jpg","checksum":"b416f568ec0b0d99f52b6f0f5ad3f93f"},{"path":"\/images\/img2.png","checksum":"d9e2b8e2462f951ea5223bc0cc6d2899"},{"path":"\/images\/img3.jpg","checksum":"985962b2d8f3ff272fd39ac5a4f4e406"},{"path":"\/images\/index_img1.jpg","checksum":"085e5dad234b6afb2d50b3f42a34c243"},{"path":"\/images\/index_img2.jpg","checksum":"2b2fd6f31ed84e0b0f3e68a124b61fca"},{"path":"\/images\/index_img3.jpg","checksum":"584978e94c907a24818c12e387ddcb30"},{"path":"\/images\/index_img4.jpg","checksum":"aa817aafd9bfeb956f3709b709a657d3"},{"path":"\/images\/index_img5.jpg","checksum":"a92a325f631bcf89befa9d8819d619e5"},{"path":"\/images\/index_img6.jpg","checksum":"92df91510d2a20dae123fe9dbe2bdae4"},{"path":"\/images\/menu.png","checksum":"05b24dc069734dbf23e28d3018da1d72"},{"path":"\/js\/main.js","checksum":"d342fee435316997e864f7618cb0fad3"},{"path":"\/js\/swipe.js","checksum":"80d20df1d6789ce977149975eae09735"},{"path":"\/js\/tool.js","checksum":"e8a81b9b51ea9077a6ba59d403b17c62"},{"path":"\/js\/zepto.min.js","checksum":"08d11e9ee764da9691f7e47199d36745"},{"path":"\/list.html","checksum":"ddc6cf65ef1285843293378de3f91dd6"},{"path":"\/preview.jpg","checksum":"df46752c417db454c4fc0d054c312a5c"}]