[{"path":"\/common\/footer.html","checksum":"a4e47b33857d39f6981a218846b7659e"},{"path":"\/common\/header.html","checksum":"f9df54507c68914b91d862f2252a93d3"},{"path":"\/common\/message.html","checksum":"e4a8cb8b4086a3259efc3b6be8a71ddd"},{"path":"\/home\/home.html","checksum":"cfd10545a619c7df815943401ac02327"},{"path":"\/images\/hdp.jpg","checksum":"e9141f90c2fbc01d5e58daf15926c810"},{"path":"\/js\/TouchSlide.1.1.js","checksum":"5cb71c1afa4a349bc0203bc340558fab"},{"path":"\/preview.jpg","checksum":"fdb298d2151e71839b58458d7794d1ab"},{"path":"\/site\/detail.html","checksum":"1dc5d1e2ad209d73aa643f6a6f68c473"},{"path":"\/site\/list.html","checksum":"d1497dabd7d14ce615f985b1e085ecee"}]