[{"path":"\/Thumbs.db","checksum":"a020c3464d344418ef19e5f3a5c2ec10"},{"path":"\/common\/footer.html","checksum":"bc9f32df13dac4770ea4d04badc4c46b"},{"path":"\/common\/header.html","checksum":"18129864259ddb753b93fa431b63ff18"},{"path":"\/home\/home.html","checksum":"249835189c66bca4375617e32c9f8016"},{"path":"\/preview.jpg","checksum":"303b46896f81ecd6c9baab6fa3194260"},{"path":"\/site\/detail.html","checksum":"925d2d844cdc7edf2ff29f1e58b0eaa5"},{"path":"\/site\/list.html","checksum":"2a87f38edc3979f574417fbf0a960b3f"},{"path":"\/static\/css\/detail.css","checksum":"e2f6c1e735f9cf3c3b74c6329ccf4853"},{"path":"\/static\/css\/home.css","checksum":"4bfdf2ceed6db8b1b3ac3e6cbe0f70c2"},{"path":"\/static\/css\/iconfont.css","checksum":"3219ec9c0677ed3116359f0738095aa9"},{"path":"\/static\/css\/iconfont.eot","checksum":"797358c27716018e5b6e3b4b57e350ec"},{"path":"\/static\/css\/iconfont.svg","checksum":"8b202b3dd70099606c9e156bc5983631"},{"path":"\/static\/css\/iconfont.ttf","checksum":"39c85acf2c97c2935c2325e19d81305e"},{"path":"\/static\/css\/iconfont.woff","checksum":"588e1a31c59f88b243e23c8de09939a0"},{"path":"\/static\/css\/list.css","checksum":"2dab6e9753937d5414955d5b6a61c212"},{"path":"\/static\/css\/marketingking_footer_chat.css","checksum":"aa016ef5d8dc619530a78094feadc4c8"},{"path":"\/static\/css\/marketingking_index_index4.css","checksum":"6d8c8db00194c4e70025f5e724744537"},{"path":"\/static\/css\/marketingking_shared_footer_index.css","checksum":"a5a5bff1a7e39688ccda231a441d50a1"},{"path":"\/static\/css\/public.css","checksum":"417f3f9d6c790d993e87632c7cd2764f"},{"path":"\/static\/images\/Refresh.png","checksum":"0001d50ce26dbd5d3d07e1e3639ffb75"},{"path":"\/static\/images\/Thumbs.db","checksum":"e71bd4daeee988c7f24429bd2aa02378"},{"path":"\/static\/images\/ar.png","checksum":"f7213a270374821295a1099ffa3a94d1"},{"path":"\/static\/images\/at.png","checksum":"8340947a5d1fbff3431d5c0f999b12ed"},{"path":"\/static\/images\/bus_guide.gif","checksum":"8d3778ede095a158922061b6a19b0328"},{"path":"\/static\/images\/default_bg.jpg","checksum":"87139debf16dc62a4b93b3214b10f807"},{"path":"\/static\/images\/default_user.jpg","checksum":"6e2c0e93ea714aadcfc9ef0daee1d891"},{"path":"\/static\/images\/end.png","checksum":"0f411ea37fafa1101fade97ada31d479"},{"path":"\/static\/images\/ewmform-close.png","checksum":"54b892b107ef8d1e0db104aa71216b13"},{"path":"\/static\/images\/headbg.png","checksum":"79b304c2e21702e918c75a5c8205c062"},{"path":"\/static\/images\/home.png","checksum":"f0a12af71299e2f7867a9663f1b1fb93"},{"path":"\/static\/images\/ico-next2.png","checksum":"fac0bd9566094c49bec4431d988b7bbe"},{"path":"\/static\/images\/ico_img100.png","checksum":"ecece1f4ad27a6589d6ea4b618d6b8bd"},{"path":"\/static\/images\/ico_img101.png","checksum":"2384614e2dd317b8a9884d2a3cf9e63c"},{"path":"\/static\/images\/ico_img85.png","checksum":"376c9bd929b197a9ccdb55c9871a3944"},{"path":"\/static\/images\/ico_img86.png","checksum":"90105bf3052cb3e407b91cbd930cda5f"},{"path":"\/static\/images\/ico_img87.png","checksum":"f3e752d00a31fe38c82db6af1efdf94a"},{"path":"\/static\/images\/ico_img88.png","checksum":"f6b43d2dd01266227ca9e149584e57a5"},{"path":"\/static\/images\/ico_img89.png","checksum":"b1252f6883daa9b01bd00f4bbfa97109"},{"path":"\/static\/images\/ico_img90.png","checksum":"59b07319c1be915838ecb5b2deb02014"},{"path":"\/static\/images\/ico_img91.png","checksum":"464572b6f2e4874629e72dd2c8ade4ca"},{"path":"\/static\/images\/ico_img92.png","checksum":"0de1a6a41cbf740625de6b2304aaa0ee"},{"path":"\/static\/images\/ico_img98.png","checksum":"8d5d03f599873a5a7f6009447f883e1b"},{"path":"\/static\/images\/ico_img99.png","checksum":"49a5219b9d281079b2a0b0d1b37201de"},{"path":"\/static\/images\/ico_marker.png","checksum":"d0a1941b75455ce441405b632cf71c8f"},{"path":"\/static\/images\/icon-question.png","checksum":"0d20d9266236db7283a361e6e6c5a2ea"},{"path":"\/static\/images\/load.gif","checksum":"774812f52ecda84b4d4ad0e87c2b3ad1"},{"path":"\/static\/images\/load1.gif","checksum":"c7cc66860b87cc106fa5ef149808de27"},{"path":"\/static\/images\/loading.gif","checksum":"9d23aa78badcae33dd8f0ee67bab223a"},{"path":"\/static\/images\/map_close.gif","checksum":"ffea75cc8bc105eba8f99a7cd4cdcee1"},{"path":"\/static\/images\/menu.png","checksum":"1433b50bacf7fc57ff63dfb9409d5abf"},{"path":"\/static\/images\/music.png","checksum":"ddfeb0a299594e3b363eae174216752c"},{"path":"\/static\/images\/music_close.png","checksum":"b5426df02837a3aaa87b7ee8d4043149"},{"path":"\/static\/images\/musicfloat.png","checksum":"f4937ba806f4b43a0e6c798e9c5d89d3"},{"path":"\/static\/images\/nobg.jpg","checksum":"e8e4c2ded444e4383a05dca0fbe4ab39"},{"path":"\/static\/images\/noimage.jpg","checksum":"d41d8cd98f00b204e9800998ecf8427e"},{"path":"\/static\/images\/nowxqrcode.jpg","checksum":"bdd547b06b9e91f3e3c7927bf88e5764"},{"path":"\/static\/images\/play.png","checksum":"b8362b08b68c9b365cd7e335f7355c23"},{"path":"\/static\/images\/pre.png","checksum":"4fed858e9c6a627947ad6b4aafaa9ced"},{"path":"\/static\/images\/qrico.jpg","checksum":"df2d8c8535d249ff8c1416b87eaca4cd"},{"path":"\/static\/images\/self_guide.gif","checksum":"d3b390fb0800d98be8708961a3c8fef5"},{"path":"\/static\/images\/start.png","checksum":"cde664d0a30c144d4390d15f64cb9cef"},{"path":"\/static\/images\/stop.png","checksum":"48313cd03313a65f2f9f8eb9bd1d73a6"},{"path":"\/static\/images\/tab.psd","checksum":"86c0f0e12b5ce8dc919a30dc59e97a49"},{"path":"\/static\/images\/tab_img2.png","checksum":"9e4ed5150d2ef3428a2b69afe8064525"},{"path":"\/static\/images\/tab_img3.png","checksum":"eecbfeab020d7abccf001ef8064dcc42"},{"path":"\/static\/images\/tab_img4.png","checksum":"fc26ea76a528118e57b6023e235ed5fa"},{"path":"\/static\/images\/tab_img5.png","checksum":"9c91b6ce312a3a9b4c82a74ef56f5929"},{"path":"\/static\/images\/tab_img6.png","checksum":"fca955df953b0d2bf4fb1ca3e8190ea5"},{"path":"\/static\/images\/tab_img7.png","checksum":"1d9190b99ae5ff1a882b1aad59baa962"},{"path":"\/static\/images\/tab_img8.png","checksum":"2a93f97687b6073acde750529dd7579f"},{"path":"\/static\/images\/tip_message.png","checksum":"a5436b17d0815080d5113ffeb1253379"},{"path":"\/static\/images\/tip_message_ie6.png","checksum":"7d59c416d7cd3c18cd3cf40187e0f273"},{"path":"\/static\/images\/v_img114.png","checksum":"b67dfd3aea03294b9498854eff3246b8"},{"path":"\/static\/images\/v_img115.png","checksum":"8f30e16ef821a6c59de66359f51c0244"},{"path":"\/static\/images\/v_img116.png","checksum":"68380684dfbdeecbc4ce8313d6cc242f"},{"path":"\/static\/images\/v_img17.png","checksum":"701edf92f67e70f409c9ea95220b6c3d"},{"path":"\/static\/images\/v_img18.png","checksum":"eaff33dff825d8fee43124ccc8128c0f"},{"path":"\/static\/images\/v_img3.png","checksum":"b3984db820cd41bc5cc1e53213660184"},{"path":"\/static\/images\/v_img33.png","checksum":"9cfe23761de92d5963d4d1e0968dc272"},{"path":"\/static\/images\/v_img34.png","checksum":"480244c4d09d2eca57380ee0f245a1c0"},{"path":"\/static\/images\/v_img40.jpg","checksum":"6e2b5a382957beb5bbbfd782988a8067"},{"path":"\/static\/images\/v_img41.png","checksum":"d03cf2fea1416c2f813447bf3b1e2d04"},{"path":"\/static\/images\/v_img42.png","checksum":"77d30bad2139dd84c7c0f4c3f8753b49"},{"path":"\/static\/images\/v_img43.jpg","checksum":"f6174f8f904b7e81935224f7feca2ba8"},{"path":"\/static\/images\/v_img44.png","checksum":"7459f835f7864e273ec6fb8dc3a28e60"},{"path":"\/static\/images\/v_img46.png","checksum":"60a1d3008397da416dd2b3e99868baef"},{"path":"\/static\/images\/v_img47.png","checksum":"5188b69804f9f6dc78e5098c753fbceb"},{"path":"\/static\/images\/v_img51.jpg","checksum":"99cd6ce4bea9036f8c60413edc63b8f9"},{"path":"\/static\/images\/v_img82.png","checksum":"fb47d0ae77460597f2334b2e34856264"},{"path":"\/static\/images\/v_img84.png","checksum":"3d49ffcb41e2a036d37c16fcffb294c4"},{"path":"\/static\/images\/v_img96.png","checksum":"0723fc1a445dbc0da9bc8d2b49cf04ba"},{"path":"\/static\/images\/wxshare.jpg","checksum":"ba8bdd9edd93bba9d9664db9ac68897b"},{"path":"\/static\/images\/x_2_1.crx","checksum":"e02d83de3ec5185ea019905ac76fb391"},{"path":"\/static\/images\/xmtv2_12.crx","checksum":"b2c05737361ae7c46220977e2e1e03ab"},{"path":"\/static\/js\/audio.js","checksum":"cb3448b45d3e59706b56f1335acb4649"},{"path":"\/static\/js\/h.js","checksum":"d8a7e4b3547a80d9c27e30ccb2a26ff3"},{"path":"\/static\/js\/home.js","checksum":"422dccc74f7def726f35b11288545462"},{"path":"\/static\/js\/html5.js","checksum":"520883d686dfd1a185d542b44f4b3d52"},{"path":"\/static\/js\/is_HK_telephone.js","checksum":"7224deaf96e376575be30b182b458039"},{"path":"\/static\/js\/marketingking_index_index.js","checksum":"4afbcdce428d86305f69b05b42f9abe2"},{"path":"\/static\/js\/swipe.js","checksum":"d872b93c9a3426745c9ac79eae9ce903"},{"path":"\/static\/js\/wow.min.js","checksum":"b97943d1aa290cf30b0a46f5d450f640"}]